Animal,Session,SessionType,Trial,Block,TrialsPerBlock,TrainingLevel,ABL,ILD,Bias,LeftAmp,RightAmp,WaveformL,WaveformR,TrialStart,TrialEnd,TrialDuration,IntendedITI,ITIStart,ITIEnd,TimedITI,MaxWait,TimeToCNP,BaseFix,ExpFixMean,IntendedFix,TimedFix,BaseRT,MaxRT,TimedRT,MaxMT,TimedMT,IntendedLNP,TimedLNP,ResponsePoke,Success,AbortEvent,RepeatTrial,BlockPerformance,BlockAbortRatio,LEDTrial,TimedLED,LEDPowerL,LEDPowerR,Box
1,53,1,1,1,2,16,0,0,0.5,17,18,0,0,24599.270976,24603.337984000002,4.0670080000018061,1,24598.256000000001,24599.268992000001,1.0129919999999402,3,0,10,0.074999999999999997,0,0,0.01,10,0,3,0,0.01,0,0,0,2,0,0,0.5,13,14,15,16,2
1,53,1,2,1,2,16,0,0,0.5,17,18,0,0,24604.66,24614.880000000001,10.220000000001164,1,24603.645983999999,24604.657984000001,1.0120000000024447,3,0,10,0.074999999999999997,0,6.1451520000009623,0.01,10,0,3,0,0.01,0,0,0,3,0,0,0.66666666666666663,13,14,15,16,2
1,53,1,3,1,2,16,0,0,0.5,17,18,0,0,24618.024991999999,24629.929983999999,11.904991999999766,1,24617.022976,24618.022976,1,3,0,10,0.074999999999999997,0,0.0049599999983911403,0.01,10,0,3,0,0.01,0,0,0,3,0,0,0.75,13,14,15,16,2
