Animal,Session,SessionType,Trial,Block,TrialsPerBlock,TrainingLevel,ABL,ILD,Bias,LeftAmp,RightAmp,WaveformL,WaveformR,TrialStart,TrialEnd,TrialDuration,IntendedITI,ITIStart,ITIEnd,TimedITI,MaxWait,TimeToCNP,BaseFix,ExpFixMean,IntendedFix,TimedFix,BaseRT,MaxRT,TimedRT,MaxMT,TimedMT,IntendedLNP,TimedLNP,ResponsePoke,Success,AbortEvent,RepeatTrial,BlockPerformance,BlockAbortRatio,LEDTrial,TimedLED,LEDPowerL,LEDPowerR,Box
1,53,1,1,1,2,16,0,0,0.5,17,18,0,0,24055.808000000001,24060.556,4.7479999999995925,1,24054.792000000001,24055.805983999999,1.0139839999974356,60,0,10,0.074999999999999997,0,0,0.01,10,0,3,0,0.01,0,0,0,5,0,0,0.5,13,14,15,16,2
1,53,1,2,1,2,16,0,0,0.5,17,18,0,0,24061.754976,24066.936000000002,5.1810240000013437,1,24060.748992000001,24061.752992000002,1.0040000000008149,60,0,10,0.074999999999999997,0,0,0.01,10,0,3,0,0.01,0,0,0,5,0,0,0.66666666666666663,13,14,15,16,2
1,53,1,3,1,2,16,0,0,0.5,17,18,0,0,24067.965983999999,24072.779999999999,4.8140160000002652,1,24066.957984000001,24067.964,1.006015999999363,60,0,10,0.074999999999999997,0,0,0.01,10,0,3,0,0.01,0,0,0,5,0,0,0.75,13,14,15,16,2
1,53,1,4,1,2,16,0,0,0.5,17,18,0,0,24073.815999999999,24078.160992000001,4.3449920000020938,1,24072.801984000002,24073.813984,1.0119999999988067,60,0,10,0.074999999999999997,0,0,0.01,10,0,3,0,0.01,0,0,0,5,0,0,0.80000000000000004,13,14,15,16,2
1,53,1,5,1,2,16,0,0,0.5,17,18,0,0,24079.197983999999,24083.685984,4.4880000000011933,1,24078.182976,24079.196,1.0130239999998594,60,0,10,0.074999999999999997,0,0,0.01,10,0,3,0,0.01,0,0,0,5,0,0,0.83333333333333337,13,14,15,16,2
1,53,1,6,1,2,16,0,0,0.5,17,18,0,0,24084.713984000002,24089.804992000001,5.0910079999994196,1,24083.709984000001,24084.712,1.0020159999985481,60,0,10,0.074999999999999997,0,0,0.01,10,0,3,0,0.01,0,0,0,5,0,0,0.8571428571428571,13,14,15,16,2
1,53,1,7,1,2,16,0,0,0.5,17,18,0,0,24090.833984000001,24096.240991999999,5.4070079999983136,1,24089.826976,24090.831999999999,1.0050239999982296,60,0,10,0.074999999999999997,0,0,0.01,10,0,3,0,0.01,0,0,0,5,0,0,0.875,13,14,15,16,2
1,53,1,8,1,2,16,0,0,0.5,17,18,0,0,24097.272991999998,24102.380000000001,5.1070080000026792,1,24096.263999999999,24097.272000000001,1.0080000000016298,60,0,10,0.074999999999999997,0,0,0.01,10,0,3,0,0.01,0,0,0,5,0,0,0.88888888888888884,13,14,15,16,2
