Animal,Session,SessionType,Trial,Block,TrialsPerBlock,TrainingLevel,ABL,ILD,Bias,LeftAmp,RightAmp,WaveformL,WaveformR,TrialStart,TrialEnd,TrialDuration,IntendedITI,ITIStart,ITIEnd,TimedITI,MaxWait,TimeToCNP,BaseFix,ExpFixMean,IntendedFix,TimedFix,BaseRT,MaxRT,TimedRT,MaxMT,TimedMT,IntendedLNP,TimedLNP,ResponsePoke,Success,AbortEvent,RepeatTrial,BlockPerformance,BlockAbortRatio,LEDTrial,TimedLED,LEDPowerL,LEDPowerR,Box
1,53,1,1,1,2,16,0,0,0.5,17,18,0,0,7484.8309760000002,7488.9229759999998,4.0919999999996435,1,7483.8239999999996,7484.8289919999997,1.0049920000001293,3,0,10,0.074999999999999997,0,0,0.01,10,0,3,0,0.01,0,0,0,2,0,0,0.5,13,14,15,16,2
1,53,1,18,1,2,16,0,0,0.5,17,18,0,0,7492.8469759999998,7502.9179839999997,10.071007999999892,1,7491.8349760000001,7492.8449920000003,1.0100160000001779,3,0,10,0.074999999999999997,0,0.028543999999783409,0.01,10,0,3,0,0.01,0,0,0,3,0,0,0.66666666666666663,13,14,15,16,2
1,53,1,178,1,2,16,0,0,0.5,17,18,0,0,7509.3109759999998,7513.3320000000003,4.0210240000005797,1,7508.3040000000001,7509.3089920000002,1.0049920000001293,3,0,10,0.074999999999999997,0,0,0.01,10,0,3,0,0.01,0,0,0,2,0,0,0.75,13,14,15,16,2
