Animal,Session,SessionType,Trial,Block,TrialsPerBlock,TrainingLevel,ABL,ILD,Bias,LeftAmp,RightAmp,WaveformL,WaveformR,TrialStart,TrialEnd,TrialDuration,IntendedITI,ITIStart,ITIEnd,TimedITI,MaxWait,TimeToCNP,BaseFix,ExpFixMean,IntendedFix,TimedFix,BaseRT,MaxRT,TimedRT,MaxMT,TimedMT,IntendedLNP,TimedLNP,ResponsePoke,Success,AbortEvent,RepeatTrial,BlockPerformance,BlockAbortRatio,LEDTrial,TimedLED,LEDPowerL,LEDPowerR,Box
1,53,1,1,1,2,16,50,-6,0.5,17,18,0,0,23120.856992000001,23122.874975999999,2.0179839999982505,1,23120.856,23120.854975999999,-0.0010240000010526273,2,0,0,0.074999999999999997,0,0,0.01,10,0,3,0,0.01,0,0,0,2,0,0,0.5,13,14,15,16,2
1,53,1,2,1,2,16,50,4,0.5,17,18,0,0,23125.176992000001,23127.184000000001,2.0070080000004964,1,23125.175999999999,23125.174975999998,-0.0010240000010526273,2,0,0,0.074999999999999997,0,0,0.01,10,0,3,0,0.01,0,0,0,2,0,0,0.66666666666666663,13,14,15,16,2
